case_id	subject_id	cohort	model	moving	fixed	moving_sha256	fixed_sha256	truth_row_major	truth_kind
r07-exact-core-rigid	r07	exact-core	rigid	benchmarks/flashalign/fixtures/linear-automatic-release-confirmation-v3/r07-exact-core-rigid-moving.nii.gz	benchmarks/flashalign/fixtures/linear-automatic-release-confirmation-v3/r07-fixed.nii.gz	a9f6c9364304c6b563052f5d7de9d4cd5035355527bb812713e7e7285b29d4a1	cf4fb29f63b6283a9f172139700e9c51bc80ce844a2a2a91190f0a7922d561d8	0.99888835881006954,-0.043879708902484292,-0.017222595052985429,3.3999999999999999,0.043612407605983755,0.99892670983896747,-0.01560084206397223,-1.7,0.01788867061956834,0.014832380689852718,0.99972996151287574,1.3,0,0,0,1	interpolant-exact
r07-exact-core-affine	r07	exact-core	affine	benchmarks/flashalign/fixtures/linear-automatic-release-confirmation-v3/r07-exact-core-affine-moving.nii.gz	benchmarks/flashalign/fixtures/linear-automatic-release-confirmation-v3/r07-fixed.nii.gz	a85f2459421afb9c19a3dde1db1d64d70fdf77893a1d8c9df7b8dacebd8a6334	cf4fb29f63b6283a9f172139700e9c51bc80ce844a2a2a91190f0a7922d561d8	1.0049788828995314,-0.039613089137572631,-0.019420901277524962,3.3999999999999999,0.04084610023797481,0.99415332844638848,-0.012753690117923185,-1.7,0.019950965424241945,0.0118305835843431,1.0037376011597579,1.3,0,0,0,1	interpolant-exact
r07-capture-range-rigid	r07	capture-range	rigid	benchmarks/flashalign/fixtures/linear-automatic-release-confirmation-v3/r07-capture-range-rigid-moving.nii.gz	benchmarks/flashalign/fixtures/linear-automatic-release-confirmation-v3/r07-fixed.nii.gz	bcf54392d0b9e40d0e3a6c9b779a97444db62cb6088dd28ce01ffbc103b927f4	cf4fb29f63b6283a9f172139700e9c51bc80ce844a2a2a91190f0a7922d561d8	0.97537982408067647,-0.20977101115481236,-0.068046466884299911,10,0.20376746162007364,0.97526190575708982,-0.085691520957217229,-7.2000000000000002,0.08433872397220829,0.069716124807227955,0.99399529253442787,5.0999999999999996,0,0,0,1	interpolant-exact
r07-capture-range-affine	r07	capture-range	affine	benchmarks/flashalign/fixtures/linear-automatic-release-confirmation-v3/r07-capture-range-affine-moving.nii.gz	benchmarks/flashalign/fixtures/linear-automatic-release-confirmation-v3/r07-fixed.nii.gz	3127b2ec6b8092dbe82d7080807025cb4da78f65ce3c381d98e087b84ee45d41	cf4fb29f63b6283a9f172139700e9c51bc80ce844a2a2a91190f0a7922d561d8	0.98172532312485639,-0.2046164974020627,-0.0708987254334629,10,0.20189289763060839,0.97145774063765633,-0.08351603624701498,-7.2000000000000002,0.086623598526688717,0.066722913201477357,0.99801174463104292,5.0999999999999996,0,0,0,1	interpolant-exact
r07-partial-slab-rigid	r07	partial-slab	rigid	benchmarks/flashalign/fixtures/linear-automatic-release-confirmation-v3/r07-partial-slab-rigid-moving.nii.gz	benchmarks/flashalign/fixtures/linear-automatic-release-confirmation-v3/r07-fixed.nii.gz	caf8e50d1336c4266b2d057b6f036fc62da9144ba5e6184b379cb75d8610737f	cf4fb29f63b6283a9f172139700e9c51bc80ce844a2a2a91190f0a7922d561d8	0.99671310212092801,-0.075737053362131032,-0.028755709146151859,4.4000000000000004,0.074943234606760681,0.9968016620714566,-0.027748118463378695,-2.7000000000000002,0.030765299399687203,0.025501867374829349,0.9992012565610815,2.2000000000000002,0,0,0,1	interpolant-exact
r07-partial-slab-affine	r07	partial-slab	affine	benchmarks/flashalign/fixtures/linear-automatic-release-confirmation-v3/r07-partial-slab-affine-moving.nii.gz	benchmarks/flashalign/fixtures/linear-automatic-release-confirmation-v3/r07-fixed.nii.gz	3fa22c02b8be60cc5bf261778e3d54a84aaffd5213d6f90843d043589caa5490	cf4fb29f63b6283a9f172139700e9c51bc80ce844a2a2a91190f0a7922d561d8	1.0028630804754477,-0.071285248559398204,-0.031091369347064714,4.4000000000000004,0.072346992791260112,0.99220067105491649,-0.025018592420231363,-2.7000000000000002,0.032871788107083001,0.022499815465870706,1.0032130365906509,2.2000000000000002,0,0,0,1	interpolant-exact
r07-nonlinear-contrast-rigid	r07	nonlinear-contrast	rigid	benchmarks/flashalign/fixtures/linear-automatic-release-confirmation-v3/r07-nonlinear-contrast-rigid-moving.nii.gz	benchmarks/flashalign/fixtures/linear-automatic-release-confirmation-v3/r07-fixed.nii.gz	95eede3f5383acab80b86c3bda7efab77e29cca814c9a80742337bcc986a9663	cf4fb29f63b6283a9f172139700e9c51bc80ce844a2a2a91190f0a7922d561d8	0.99817900872972776,-0.056245526919233117,-0.021796954670690292,3.7999999999999998,0.055806870591395441,0.99823648701978629,-0.020236333096472284,2.2000000000000002,0.022896718676123598,0.018983063081967563,0.99955759393338239,-1.7,0,0,0,1	approximation-distribution
r07-nonlinear-contrast-affine	r07	nonlinear-contrast	affine	benchmarks/flashalign/fixtures/linear-automatic-release-confirmation-v3/r07-nonlinear-contrast-affine-moving.nii.gz	benchmarks/flashalign/fixtures/linear-automatic-release-confirmation-v3/r07-fixed.nii.gz	2f101eacf368b91c9c547509d413c0eea6c7d80a73b6eb4a6fa3ab25354a1ca6	cf4fb29f63b6283a9f172139700e9c51bc80ce844a2a2a91190f0a7922d561d8	1.0042932254535226,-0.051906192385705964,-0.02404923708759021,3.7999999999999998,0.053106529687691507,0.99352924106634244,-0.017434182708981606,2.2000000000000002,0.024976264986801201,0.015981061859462072,1.0035669800610094,-1.7,0,0,0,1	approximation-distribution
r08-exact-core-rigid	r08	exact-core	rigid	benchmarks/flashalign/fixtures/linear-automatic-release-confirmation-v3/r08-exact-core-rigid-moving.nii.gz	benchmarks/flashalign/fixtures/linear-automatic-release-confirmation-v3/r08-fixed.nii.gz	800ea594ee1876ba3b5f8904f41a32c4154f53a79c30b2e2be55137f81a60d00	61998241d0cb7c56d12619c38c74794b1c1b04963826987fdaacc8981f626876	0.99853509247637295,0.049713454811595649,-0.021359810483634157,-3.3999999999999999,-0.050059446034331961,0.9986183807789486,-0.015980658095544997,-1.53,0.020535845634819513,0.017026508189477364,0.99964412520803447,1.3,0,0,0,1	interpolant-exact
r08-exact-core-affine	r08	exact-core	affine	benchmarks/flashalign/fixtures/linear-automatic-release-confirmation-v3/r08-exact-core-affine-moving.nii.gz	benchmarks/flashalign/fixtures/linear-automatic-release-confirmation-v3/r08-fixed.nii.gz	05862ec93198876c6c0114329024e6580f258dd7384350cbc685f160bfb189cc	61998241d0cb7c56d12619c38c74794b1c1b04963826987fdaacc8981f626876	0.9923520219361126,0.054020241887010018,-0.023293179546086652,-3.3999999999999999,-0.052786905816653906,1.0034591768729926,-0.012948606693521667,-1.53,0.022360839286858232,0.014194851737339923,1.0036527095421655,1.3,0,0,0,1	interpolant-exact
r08-capture-range-rigid	r08	capture-range	rigid	benchmarks/flashalign/fixtures/linear-automatic-release-confirmation-v3/r08-capture-range-rigid-moving.nii.gz	benchmarks/flashalign/fixtures/linear-automatic-release-confirmation-v3/r08-fixed.nii.gz	39663b5a693510f0be6cf71d31d5bea419162c7f7c295288ace79a0c1833802e	61998241d0cb7c56d12619c38c74794b1c1b04963826987fdaacc8981f626876	0.96969969616208374,0.21888679943254036,-0.1084945542289624,-10,-0.22565618797582471,0.97268213589339869,-0.05448621240345991,-6.8200000000000003,0.093604402094034408,0.077317731136101894,0.99260273239629138,4.8899999999999997,0,0,0,1	interpolant-exact
r08-capture-range-affine	r08	capture-range	affine	benchmarks/flashalign/fixtures/linear-automatic-release-confirmation-v3/r08-capture-range-affine-moving.nii.gz	benchmarks/flashalign/fixtures/linear-automatic-release-confirmation-v3/r08-fixed.nii.gz	35d6f2029a033c5af1b815b9820db10d7b14e900cd4bf841fe74fa6a250a2510	61998241d0cb7c56d12619c38c74794b1c1b04963826987fdaacc8981f626876	0.96300784847835574,0.22418551587703828,-0.11021127143990479,-10,-0.22732926968045689,0.9768063804581727,-0.05133479846944191,-6.8200000000000003,0.094796027952854481,0.075100929202969666,0.99661788771509674,4.8899999999999997,0,0,0,1	interpolant-exact
r08-partial-slab-rigid	r08	partial-slab	rigid	benchmarks/flashalign/fixtures/linear-automatic-release-confirmation-v3/r08-partial-slab-rigid-moving.nii.gz	benchmarks/flashalign/fixtures/linear-automatic-release-confirmation-v3/r08-fixed.nii.gz	e4fa8822549bc56bd5856de88bf83e3b759c082fc8b4a30a52cb4c74eb33c217	61998241d0cb7c56d12619c38c74794b1c1b04963826987fdaacc8981f626876	0.99605706068761002,0.081141845771526597,-0.03586548088550464,-4.4000000000000004,-0.082065819471716581,0.99631114879562854,-0.025085774055640834,-2.54,0.033697672453662612,0.027930192450551242,0.9990417264663578,2.2000000000000002,0,0,0,1	interpolant-exact
r08-partial-slab-affine	r08	partial-slab	affine	benchmarks/flashalign/fixtures/linear-automatic-release-confirmation-v3/r08-partial-slab-affine-moving.nii.gz	benchmarks/flashalign/fixtures/linear-automatic-release-confirmation-v3/r08-fixed.nii.gz	d785abef8ab632b04f815278ef3856377d6fa402536d368b27d13458f3ab856a	61998241d0cb7c56d12619c38c74794b1c1b04963826987fdaacc8981f626876	0.98976556182439879,0.085639379685791162,-0.037757631393107297,-4.4000000000000004,-0.084612529549384446,1.0010396985838865,-0.022033052066533079,-2.54,0.035409779294521701,0.025207508923219574,1.0030542886046676,2.2000000000000002,0,0,0,1	interpolant-exact
r08-nonlinear-contrast-rigid	r08	nonlinear-contrast	rigid	benchmarks/flashalign/fixtures/linear-automatic-release-confirmation-v3/r08-nonlinear-contrast-rigid-moving.nii.gz	benchmarks/flashalign/fixtures/linear-automatic-release-confirmation-v3/r08-fixed.nii.gz	3d0b55f144719d245aa4b1192b569d5e47926a631f21a874ef7d4fca1c9d57af	61998241d0cb7c56d12619c38c74794b1c1b04963826987fdaacc8981f626876	0.9978093038220095,0.060687383506037175,-0.026336945332130889,-3.7999999999999998,-0.061203435350648643,0.99793964777428201,-0.019250945468228871,2.0800000000000001,0.025114392437713014,0.020820684026537563,0.99946774155504958,-1.7,0,0,0,1	approximation-distribution
r08-nonlinear-contrast-affine	r08	nonlinear-contrast	affine	benchmarks/flashalign/fixtures/linear-automatic-release-confirmation-v3/r08-nonlinear-contrast-affine-moving.nii.gz	benchmarks/flashalign/fixtures/linear-automatic-release-confirmation-v3/r08-fixed.nii.gz	726d803f96e8450fb26a7f0fbdb4110fbce1ca1f0b4e31ce2efbe13bca656dbd	61998241d0cb7c56d12619c38c74794b1c1b04963826987fdaacc8981f626876	0.99158771195789508,0.065061068474851783,-0.028255849570585322,-3.7999999999999998,-0.063868535572804058,1.0027422851081556,-0.016211723436077644,2.0800000000000001,0.026900179514117224,0.018026841791755954,1.0034778457884739,-1.7,0,0,0,1	approximation-distribution
r09-exact-core-rigid	r09	exact-core	rigid	benchmarks/flashalign/fixtures/linear-automatic-release-confirmation-v3/r09-exact-core-rigid-moving.nii.gz	benchmarks/flashalign/fixtures/linear-automatic-release-confirmation-v3/r09-fixed.nii.gz	0d1af8e70eaa19cd57f6c111dc91dcbdccda320f1ed12ff7b53ae6e1365d5f9c	c50367dcaf42c3cec5ce2b20449742f289e3b38c91c4989022119371a5bb50b0	0.99813322070523014,-0.056953075260606688,-0.022054952798953566,3.3999999999999999,0.056503344617128547,0.99819183091345298,-0.020504651782618781,-1.3599999999999999,0.023182876691265265,0.019220195524710746,0.99954646630975064,1.3,0,0,0,1	interpolant-exact
r09-exact-core-affine	r09	exact-core	affine	benchmarks/flashalign/fixtures/linear-automatic-release-confirmation-v3/r09-exact-core-affine-moving.nii.gz	benchmarks/flashalign/fixtures/linear-automatic-release-confirmation-v3/r09-fixed.nii.gz	bd7d3fb826ce1b04b9619cf43a1b9f467365978ce1901df0a9447fe253eb1dc2	c50367dcaf42c3cec5ce2b20449742f289e3b38c91c4989022119371a5bb50b0	1.0042487693496456,-0.05260961214308587,-0.024310298277341661,3.3999999999999999,0.053806779888525717,0.99348839909270203,-0.017705101586243152,-1.3599999999999999,0.025263406297458227,0.016218186654923,1.0035559470081812,1.3,0,0,0,1	interpolant-exact
r09-capture-range-rigid	r09	capture-range	rigid	benchmarks/flashalign/fixtures/linear-automatic-release-confirmation-v3/r09-capture-range-rigid-moving.nii.gz	benchmarks/flashalign/fixtures/linear-automatic-release-confirmation-v3/r09-fixed.nii.gz	822e280c3998319588eee509ed83c4d0cf27add556c4139a10668bdc6e370da4	c50367dcaf42c3cec5ce2b20449742f289e3b38c91c4989022119371a5bb50b0	0.9634454458219921,-0.25628567221514148,-0.078041829438423346,10,0.24737074608211659,0.96286580183489712,-0.10815341714258381,-6.4400000000000004,0.10286197989364146,0.084894651622312467,0.99106624966158874,4.6799999999999997,0,0,0,1	interpolant-exact
r09-capture-range-affine	r09	capture-range	affine	benchmarks/flashalign/fixtures/linear-automatic-release-confirmation-v3/r09-capture-range-affine-moving.nii.gz	benchmarks/flashalign/fixtures/linear-automatic-release-confirmation-v3/r09-fixed.nii.gz	49038cd9bf52797c7726aea42bbbe0bd44542e285fd201ab160a8ba1fefa1396	c50367dcaf42c3cec5ce2b20449742f289e3b38c91c4989022119371a5bb50b0	0.96983889185469263,-0.25091633658246254,-0.081049744664466461,10,0.24575006631881946,0.95936541606147885,-0.10619217489781368,-6.4400000000000004,0.10520660031745954,0.081908427534790704,0.99507947465531477,4.6799999999999997,0,0,0,1	interpolant-exact
r09-partial-slab-rigid	r09	partial-slab	rigid	benchmarks/flashalign/fixtures/linear-automatic-release-confirmation-v3/r09-partial-slab-rigid-moving.nii.gz	benchmarks/flashalign/fixtures/linear-automatic-release-confirmation-v3/r09-fixed.nii.gz	4b75a9b21b06cbea7da4c366befd67bea9b5f29ef93644ef21966795ef939a05	c50367dcaf42c3cec5ce2b20449742f289e3b38c91c4989022119371a5bb50b0	0.99534155777440703,-0.090309088036015783,-0.033755769659718056,4.4000000000000004,0.089182085550611565,0.99545099470780984,-0.033524211431071531,-2.3800000000000003,0.036629755446360705,0.030357630891341605,0.99886769657578012,2.2000000000000002,0,0,0,1	interpolant-exact
r09-partial-slab-affine	r09	partial-slab	affine	benchmarks/flashalign/fixtures/linear-automatic-release-confirmation-v3/r09-partial-slab-affine-moving.nii.gz	benchmarks/flashalign/fixtures/linear-automatic-release-confirmation-v3/r09-fixed.nii.gz	c3be6b4ae806651dc8c4e2e07160ea1baf854838aa6b5558b2083f888e2585fb	c50367dcaf42c3cec5ce2b20449742f289e3b38c91c4989022119371a5bb50b0	1.0015170228458421,-0.085774909055758922,-0.036152403118013786,4.4000000000000004,0.086663776656929661,0.99093104071076643,-0.030850319463773614,-2.3800000000000003,0.038756196479516405,0.027355758668942999,1.0028809807438643,2.2000000000000002,0,0,0,1	interpolant-exact
r09-nonlinear-contrast-rigid	r09	nonlinear-contrast	rigid	benchmarks/flashalign/fixtures/linear-automatic-release-confirmation-v3/r09-nonlinear-contrast-rigid-moving.nii.gz	benchmarks/flashalign/fixtures/linear-automatic-release-confirmation-v3/r09-fixed.nii.gz	5d550df2ad6ac2eaf76d5f1218acec24b423a9bdfd3ef03a8639791d88f1c8f8	c50367dcaf42c3cec5ce2b20449742f289e3b38c91c4989022119371a5bb50b0	0.99740551622916229,-0.067223218694435039,-0.025754127125540233,3.7999999999999998,0.066597305565667023,0.99748065505379524,-0.024436482661068425,1.9600000000000002,0.027331942613570363,0.022657927129631286,0.99936959291903449,-1.7,0,0,0,1	approximation-distribution
r09-nonlinear-contrast-affine	r09	nonlinear-contrast	affine	benchmarks/flashalign/fixtures/linear-automatic-release-confirmation-v3/r09-nonlinear-contrast-affine-moving.nii.gz	benchmarks/flashalign/fixtures/linear-automatic-release-confirmation-v3/r09-fixed.nii.gz	e2af1fdd800a3c9ad1de9e0e4b56564b64d94aeb9f9e3610d1593ba8122675b5	c50367dcaf42c3cec5ce2b20449742f289e3b38c91c4989022119371a5bb50b0	1.0035401107283695,-0.062820218154669594,-0.028053624322584025,3.7999999999999998,0.063955574468577497,0.99283295044877207,-0.021674981237682647,1.9600000000000002,0.02942669967370096,0.019655856485680304,1.0033803811868722,-1.7,0,0,0,1	approximation-distribution
r10-exact-core-rigid	r10	exact-core	rigid	benchmarks/flashalign/fixtures/linear-automatic-release-confirmation-v3/r10-exact-core-rigid-moving.nii.gz	benchmarks/flashalign/fixtures/linear-automatic-release-confirmation-v3/r10-fixed.nii.gz	231b7fe2696064cadb2b67c9b2deb8ad9bc525696b0546bad731affcb9e89b43	63f9777b43f5ecacb1b2456f14639537c68b38b32bd11dc0872ca7832cc01d1b	0.9976827727168277,0.062398071052422753,-0.027121315473250446,-3.3999999999999999,-0.0629436993293742,0.99782160110399198,-0.019752040021200162,-1.1899999999999999,0.025829745232892089,0.021413385981730107,0.99943698708923179,1.3,0,0,0,1	interpolant-exact
r10-exact-core-affine	r10	exact-core	affine	benchmarks/flashalign/fixtures/linear-automatic-release-confirmation-v3/r10-exact-core-affine-moving.nii.gz	benchmarks/flashalign/fixtures/linear-automatic-release-confirmation-v3/r10-fixed.nii.gz	c6fecc1817ec0813bdad6578ef02465a096c2f9e0edc0321863ad05737d19559	63f9777b43f5ecacb1b2456f14639537c68b38b32bd11dc0872ca7832cc01d1b	0.99145523923642298,0.066782156444971916,-0.029037972067419836,-3.3999999999999999,-0.065599006016752323,1.0026181904322577,-0.016711695979314239,-1.1899999999999999,0.02760940057772801,0.018625460931302629,1.0034473157050681,1.3,0,0,0,1	interpolant-exact
r10-capture-range-rigid	r10	capture-range	rigid	benchmarks/flashalign/fixtures/linear-automatic-release-confirmation-v3/r10-capture-range-rigid-moving.nii.gz	benchmarks/flashalign/fixtures/linear-automatic-release-confirmation-v3/r10-fixed.nii.gz	101a486ea5ba97827a68e08a468015ab7bc7a743366c66067461d67fc3ed2c7c	63f9777b43f5ecacb1b2456f14639537c68b38b32bd11dc0872ca7832cc01d1b	0.95662267624658492,0.25938626506457124,-0.13263416146179555,-10,-0.26889450728527625,0.96133905908190731,-0.059354506444934826,-6.0600000000000005,0.11211065624029763,0.09244446429811401,0.98938628542041385,4.4699999999999998,0,0,0,1	interpolant-exact
r10-capture-range-affine	r10	capture-range	affine	benchmarks/flashalign/fixtures/linear-automatic-release-confirmation-v3/r10-capture-range-affine-moving.nii.gz	benchmarks/flashalign/fixtures/linear-automatic-release-confirmation-v3/r10-fixed.nii.gz	7a7a40d2d7c5cb0b5f5c7978f69dd322e6a1075a40877df68635b197d21f4e78	63f9777b43f5ecacb1b2456f14639537c68b38b32bd11dc0872ca7832cc01d1b	0.94983951307098813,0.2649075895792658,-0.13429978466494219,-10,-0.27028386643170016,0.9652482398675104,-0.056170118278898291,-6.0600000000000005,0.11313943148080234,0.090386970388304511,0.99339694264250922,4.4699999999999998,0,0,0,1	interpolant-exact
r10-partial-slab-rigid	r10	partial-slab	rigid	benchmarks/flashalign/fixtures/linear-automatic-release-confirmation-v3/r10-partial-slab-rigid-moving.nii.gz	benchmarks/flashalign/fixtures/linear-automatic-release-confirmation-v3/r10-fixed.nii.gz	a00a3afcb5d30c5e379a1696e37583a6c14318c5f8929c253be3f5037245f197	63f9777b43f5ecacb1b2456f14639537c68b38b32bd11dc0872ca7832cc01d1b	0.99456665725271443,0.095023080733374621,-0.042517977481299082,-4.4000000000000004,-0.096291485439126939,0.99493508157373256,-0.028846720537987383,-2.2200000000000002,0.039561523139132151,0.032784105627710967,0.99867917185906252,2.2000000000000002,0,0,0,1	interpolant-exact
r10-partial-slab-affine	r10	partial-slab	affine	benchmarks/flashalign/fixtures/linear-automatic-release-confirmation-v3/r10-partial-slab-affine-moving.nii.gz	benchmarks/flashalign/fixtures/linear-automatic-release-confirmation-v3/r10-fixed.nii.gz	26ada363f4245244f1a416c1331ba21e0c2ab777cab6bc7daf13d5dd86ec547a	63f9777b43f5ecacb1b2456f14639537c68b38b32bd11dc0872ca7832cc01d1b	0.98822915211203544,0.099604016698496237,-0.044392113463529587,-4.4000000000000004,-0.098756235212289351,0.99961113120145861,-0.025784719204539883,-2.2200000000000002,0.041223160027132354,0.03011023473282886,1.0026931178171037,2.2000000000000002,0,0,0,1	interpolant-exact
r10-nonlinear-contrast-rigid	r10	nonlinear-contrast	rigid	benchmarks/flashalign/fixtures/linear-automatic-release-confirmation-v3/r10-nonlinear-contrast-rigid-moving.nii.gz	benchmarks/flashalign/fixtures/linear-automatic-release-confirmation-v3/r10-fixed.nii.gz	a028fe55502492f263ddf77655a650dbcd3a95e062def25f3a6320b359a72d1b	63f9777b43f5ecacb1b2456f14639537c68b38b32bd11dc0872ca7832cc01d1b	0.99696766655993374,0.07127582525806149,-0.031228649791869297,-3.7999999999999998,-0.071988243891706688,0.99715583712526845,-0.022314327872317245,1.8400000000000003,0.029549358291324893,0.024494759047343193,0.99926314962765606,-1.7,0,0,0,1	approximation-distribution
r10-nonlinear-contrast-affine	r10	nonlinear-contrast	affine	benchmarks/flashalign/fixtures/linear-automatic-release-confirmation-v3/r10-nonlinear-contrast-affine-moving.nii.gz	benchmarks/flashalign/fixtures/linear-automatic-release-confirmation-v3/r10-fixed.nii.gz	181d53bf2feedab035aa71361d56afb04eed5be4903a035e4850fa8fbc86992b	63f9777b43f5ecacb1b2456f14639537c68b38b32bd11dc0872ca7832cc01d1b	0.99070957578521623,0.075713760999967128,-0.033133672248382456,-3.7999999999999998,-0.074592410595476888,1.0019206063189448,-0.019268141184647296,1.8400000000000003,0.031297104163690227,0.021737640826862237,1.0032745877867262,-1.7,0,0,0,1	approximation-distribution
r11-exact-core-rigid	r11	exact-core	rigid	benchmarks/flashalign/fixtures/linear-automatic-release-confirmation-v3/r11-exact-core-rigid-moving.nii.gz	benchmarks/flashalign/fixtures/linear-automatic-release-confirmation-v3/r11-fixed.nii.gz	afa3a8e29c06f43269bcfc2d6015e51fd159560f2a325c50617a34f1fbad0968	c53eb66e7a2a7ffe10e9294b0679127c39836bcf3a4a07d740ea4b32702b45f9	0.99718378126255935,-0.070059763112803874,-0.026760717095811813,3.3999999999999999,0.069380106423324248,0.99726344828103852,-0.025534595264085143,-1.02,0.028476432704825753,0.023606022858377564,0.99931569009258392,1.3,0,0,0,1	interpolant-exact
r11-exact-core-affine	r11	exact-core	affine	benchmarks/flashalign/fixtures/linear-automatic-release-confirmation-v3/r11-exact-core-affine-moving.nii.gz	benchmarks/flashalign/fixtures/linear-automatic-release-confirmation-v3/r11-fixed.nii.gz	8d9bc19f4de57ef16ad4c9e51f87fd48878630a717cd0c7079e9a22060933689	c53eb66e7a2a7ffe10e9294b0679127c39836bcf3a4a07d740ea4b32702b45f9	1.0033235418052815,-0.065640447020902187,-0.029072306816058591,3.3999999999999999,0.066753527526492912,0.99263125525111884,-0.022783703513145015,-1.02,0.030575104612664744,0.02060395140462723,1.0033268180561197,1.3,0,0,0,1	interpolant-exact
r11-capture-range-rigid	r11	capture-range	rigid	benchmarks/flashalign/fixtures/linear-automatic-release-confirmation-v3/r11-capture-range-rigid-moving.nii.gz	benchmarks/flashalign/fixtures/linear-automatic-release-confirmation-v3/r11-fixed.nii.gz	435db4aaa7b4d3dc8ffdf8125ec09c8b974894f4af1ee16248430ae91b6b4a01	c53eb66e7a2a7ffe10e9294b0679127c39836bcf3a4a07d740ea4b32702b45f9	0.94923749763108844,-0.30257226641496759,-0.086012770491242757,10,0.29021102701686619,0.94786975441985488,-0.13160732674839842,-5.6799999999999997,0.12134963077358371,0.099964755051737145,0.98756332194880603,4.2599999999999998,0,0,0,1	interpolant-exact
r11-capture-range-affine	r11	capture-range	affine	benchmarks/flashalign/fixtures/linear-automatic-release-confirmation-v3/r11-capture-range-affine-moving.nii.gz	benchmarks/flashalign/fixtures/linear-automatic-release-confirmation-v3/r11-fixed.nii.gz	588a12da7b4b9b055e9b89cef3bd08ec8b2e85725e4c518c31a4d6d8bc7cc12e	c53eb66e7a2a7ffe10e9294b0679127c39836bcf3a4a07d740ea4b32702b45f9	0.95566861387513746,-0.29700441678089468,-0.089163013367714816,10,0.288845469262211,0.94468607173606833,-0.12987056884616618,-5.6799999999999997,0.12375296093696761,0.09698763983372638,0.99157077024020923,4.2599999999999998,0,0,0,1	interpolant-exact
r11-partial-slab-rigid	r11	partial-slab	rigid	benchmarks/flashalign/fixtures/linear-automatic-release-confirmation-v3/r11-partial-slab-rigid-moving.nii.gz	benchmarks/flashalign/fixtures/linear-automatic-release-confirmation-v3/r11-fixed.nii.gz	f84ebc244eedc33ce771a72c7e9cf0901bc6f0431b7ca439ee48b493d9921d8c	c53eb66e7a2a7ffe10e9294b0679127c39836bcf3a4a07d740ea4b32702b45f9	0.99373242829333108,-0.10491213166707609,-0.038591522220685334,4.4000000000000004,0.10339347239249533,0.99385800441962635,-0.039446887300016761,-2.0600000000000001,0.042492950296041665,0.035209539617950224,0.99847615769983711,2.2000000000000002,0,0,0,1	interpolant-exact
r11-partial-slab-affine	r11	partial-slab	affine	benchmarks/flashalign/fixtures/linear-automatic-release-confirmation-v3/r11-partial-slab-affine-moving.nii.gz	benchmarks/flashalign/fixtures/linear-automatic-release-confirmation-v3/r11-fixed.nii.gz	dafdd5461a94b4e6589f184d537832ca40e1d12d5cda42b3a1e0be6d91aff950	c53eb66e7a2a7ffe10e9294b0679127c39836bcf3a4a07d740ea4b32702b45f9	0.99993237621365094,-0.10029686672890534,-0.041048089561155972,4.4000000000000004,0.10095336543899139,0.98942062894899829,-0.036829887780742941,-2.0600000000000001,0.044639231694363735,0.032208035247945126,1.0024907050488983,2.2000000000000002,0,0,0,1	interpolant-exact
r11-nonlinear-contrast-rigid	r11	nonlinear-contrast	rigid	benchmarks/flashalign/fixtures/linear-automatic-release-confirmation-v3/r11-nonlinear-contrast-rigid-moving.nii.gz	benchmarks/flashalign/fixtures/linear-automatic-release-confirmation-v3/r11-fixed.nii.gz	e22b8d117ace44813a2856f50ada117fce252910d592395ed9ae189c9d965b17	c53eb66e7a2a7ffe10e9294b0679127c39836bcf3a4a07d740ea4b32702b45f9	0.99649577716102566,-0.078222577270487995,-0.02962084579153507,3.7999999999999998,0.077376013145036657,0.99658812913469108,-0.028723743794903844,1.7200000000000002,0.031766628559267693,0.026331146442543977,0.99914841341864669,-1.7,0,0,0,1	approximation-distribution
r11-nonlinear-contrast-affine	r11	nonlinear-contrast	affine	benchmarks/flashalign/fixtures/linear-automatic-release-confirmation-v3/r11-nonlinear-contrast-affine-moving.nii.gz	benchmarks/flashalign/fixtures/linear-automatic-release-confirmation-v3/r11-fixed.nii.gz	18d87a559bae861563791efca84768067fd670345e0d6c40e93a7fa9df7f0552	c53eb66e7a2a7ffe10e9294b0679127c39836bcf3a4a07d740ea4b32702b45f9	1.0026501778642203,-0.073756618738116855,-0.031966988460834726,3.7999999999999998,0.074793057348913006,0.99200086377298247,-0.026003626408969457,1.7200000000000002,0.033876531718132957,0.023329111984312388,1.0031604672545305,-1.7,0,0,0,1	approximation-distribution
r12-exact-core-rigid	r12	exact-core	rigid	benchmarks/flashalign/fixtures/linear-automatic-release-confirmation-v3/r12-exact-core-rigid-moving.nii.gz	benchmarks/flashalign/fixtures/linear-automatic-release-confirmation-v3/r12-fixed.nii.gz	3d5c0a27fd1e3450498f65ac327b2c726e31cb38122e7012b49eb819530a94a3	a3266782f216d9c9e191a3d1e4e7c14fa5b9ca01e0125a457b6f45a0679d5b56	0.99663628262237702,0.075022651716873168,-0.032980629011863542,-3.3999999999999999,-0.075812162460072094,0.99684806383578073,-0.023376348089101169,-0.84999999999999987,0.03112292055346132,0.02579804946549126,0.9991825781407514,1.3,0,0,0,1	interpolant-exact
r12-exact-core-affine	r12	exact-core	affine	benchmarks/flashalign/fixtures/linear-automatic-release-confirmation-v3/r12-exact-core-affine-moving.nii.gz	benchmarks/flashalign/fixtures/linear-automatic-release-confirmation-v3/r12-fixed.nii.gz	c6732d954b680700b01073126ac69ba36173313cfcceea3c5cfcef9f0494d080	a3266782f216d9c9e191a3d1e4e7c14fa5b9ca01e0125a457b6f45a0679d5b56	0.99036543571346836,0.079483251992982631,-0.034880756138005134,-3.3999999999999999,-0.078394586372997205,1.0015991845493866,-0.020327684965030086,-0.84999999999999987,0.032857154038025582,0.023053983660610303,1.0031944567606041,1.3,0,0,0,1	interpolant-exact
r12-capture-range-rigid	r12	capture-range	rigid	benchmarks/flashalign/fixtures/linear-automatic-release-confirmation-v3/r12-capture-range-rigid-moving.nii.gz	benchmarks/flashalign/fixtures/linear-automatic-release-confirmation-v3/r12-fixed.nii.gz	bb16b1c9dac5726552f3b73c009e681a75a7b9967e83fed878d7b94b189f49e2	a3266782f216d9c9e191a3d1e4e7c14fa5b9ca01e0125a457b6f45a0679d5b56	0.94129652108293393,0.29870640420943267,-0.15727473885350049,-10,-0.31130406062252458,0.94827649525129054,-0.062140730554577896,-5.3000000000000007,0.13057810397265424,0.10745311832701798,0.98559788256910663,4.0499999999999998,0,0,0,1	interpolant-exact
r12-capture-range-affine	r12	capture-range	affine	benchmarks/flashalign/fixtures/linear-automatic-release-confirmation-v3/r12-capture-range-affine-moving.nii.gz	benchmarks/flashalign/fixtures/linear-automatic-release-confirmation-v3/r12-fixed.nii.gz	ff0b6bb3e8d7650b5cbb944c645f83cd12dd3ef2d4a71219818b44cf80471946	a3266782f216d9c9e191a3d1e4e7c14fa5b9ca01e0125a457b6f45a0679d5b56	0.93443807326610107,0.30443694653137204,-0.15889031163845205,-10,-0.31240534720565244,0.95195908367672055,-0.058921855869797285,-5.3000000000000007,0.13144347175897547,0.10555590268683636,0.98960147724641878,4.0499999999999998,0,0,0,1	interpolant-exact
r12-partial-slab-rigid	r12	partial-slab	rigid	benchmarks/flashalign/fixtures/linear-automatic-release-confirmation-v3/r12-partial-slab-rigid-moving.nii.gz	benchmarks/flashalign/fixtures/linear-automatic-release-confirmation-v3/r12-fixed.nii.gz	659d39e544c6c9ab04e47047f6491fb245d92fa58807d226656adfbcd52f2426	a3266782f216d9c9e191a3d1e4e7c14fa5b9ca01e0125a457b6f45a0679d5b56	0.99283894535959072,0.10882240274706349,-0.049279947621842339,-4.4000000000000004,-0.11048750037800524,0.99334856800329208,-0.032421207658405039,-1.9000000000000001,0.045424011684085192,0.037633855850351526,0.99825865989549967,2.2000000000000002,0,0,0,1	interpolant-exact
r12-partial-slab-affine	r12	partial-slab	affine	benchmarks/flashalign/fixtures/linear-automatic-release-confirmation-v3/r12-partial-slab-affine-moving.nii.gz	benchmarks/flashalign/fixtures/linear-automatic-release-confirmation-v3/r12-fixed.nii.gz	8eae5331f82a38ff74b849673b5960ca4251174abb18afe41686ea745492fc08	a3266782f216d9c9e191a3d1e4e7c14fa5b9ca01e0125a457b6f45a0679d5b56	0.98645688458394831,0.11348571038510269,-0.051136278094807704,-4.4000000000000004,-0.1128694634950639,0.99797062446477158,-0.029349871784272775,-1.9000000000000001,0.047035083366220622,0.035008945196653124,1.0022737480792645,2.2000000000000002,0,0,0,1	interpolant-exact
r12-nonlinear-contrast-rigid	r12	nonlinear-contrast	rigid	benchmarks/flashalign/fixtures/linear-automatic-release-confirmation-v3/r12-nonlinear-contrast-rigid-moving.nii.gz	benchmarks/flashalign/fixtures/linear-automatic-release-confirmation-v3/r12-fixed.nii.gz	ccb3a7e4f9c0a88f1b8509fad48bdcb5a954964f07df7ee7da4206c3d8e74936	a3266782f216d9c9e191a3d1e4e7c14fa5b9ca01e0125a457b6f45a0679d5b56	0.99598987211582568,0.081820827958034859,-0.036187383919856368,-3.7999999999999998,-0.082760376315962655,0.9962489493441764,-0.025273524539820919,1.6000000000000001,0.033983742506405387,0.028167055985429946,0.99902538616512249,-1.7,0,0,0,1	approximation-distribution
r12-nonlinear-contrast-affine	r12	nonlinear-contrast	affine	benchmarks/flashalign/fixtures/linear-automatic-release-confirmation-v3/r12-nonlinear-contrast-affine-moving.nii.gz	benchmarks/flashalign/fixtures/linear-automatic-release-confirmation-v3/r12-fixed.nii.gz	c71d967dce32e79fdd91269d27b6b52a81852bb808bc8b380b3c053f55d2fe88	a3266782f216d9c9e191a3d1e4e7c14fa5b9ca01e0125a457b6f45a0679d5b56	0.98969609563141692,0.086322453738047894,-0.038078650715893336,-3.7999999999999998,-0.08530310795517905,1.0009749731592528,-0.022220351037315747,1.6000000000000001,0.035693389655740912,0.025446750076887348,1.0030380213927264,-1.7,0,0,0,1	approximation-distribution
