case_id	subject_id	cohort	model	moving	fixed	truth_row_major
s01-ordinary-same-subject-rigid	s01	ordinary-same-subject	rigid	benchmarks/flashalign/fixtures/linear-accuracy-audit-v1/s01-ordinary-same-subject-rigid-moving.nii.gz	benchmarks/flashalign/fixtures/linear-accuracy-audit-v1/s01-fixed.nii.gz	0.99955369717378206,-0.02630773521021345,-0.014153075083969339,1.3999999999999999,0.026174234718383479,0.99961190601518812,-0.009536602623033184,-1.1000000000000001,0.014398468777274446,0.0091619005010952874,0.99985436123271365,0.80000000000000004,0,0,0,1
s01-ordinary-same-subject-affine	s01	ordinary-same-subject	affine	benchmarks/flashalign/fixtures/linear-accuracy-audit-v1/s01-ordinary-same-subject-affine-moving.nii.gz	benchmarks/flashalign/fixtures/linear-accuracy-audit-v1/s01-fixed.nii.gz	1.0076128984667614,-0.020069646580363386,-0.01736819330204557,1.3999999999999999,0.022356571164200693,0.99280981449188421,-0.0046742854128505925,-1.1000000000000001,0.017476572009186401,0.0051847405653204113,1.0058561014962837,0.80000000000000004,0,0,0,1
s01-large-initialization-error-rigid	s01	large-initialization-error	rigid	benchmarks/flashalign/fixtures/linear-accuracy-audit-v1/s01-large-initialization-error-rigid-moving.nii.gz	benchmarks/flashalign/fixtures/linear-accuracy-audit-v1/s01-fixed.nii.gz	0.97615981295508525,-0.19732516230879277,-0.090414599989723232,9,0.18974624621002689,0.97806158354497774,-0.085976164386965509,-7,0.10539630743387983,0.066770645595944797,0.99218612128269756,6,0,0,0,1
s01-large-initialization-error-affine	s01	large-initialization-error	affine	benchmarks/flashalign/fixtures/linear-accuracy-audit-v1/s01-large-initialization-error-affine-moving.nii.gz	benchmarks/flashalign/fixtures/linear-accuracy-audit-v1/s01-fixed.nii.gz	0.98448714830799189,-0.18972526889494182,-0.094872192840070799,9,0.18709404135236629,0.97269753459497088,-0.082170952194192501,-7,0.10894895367481518,0.062966884436245665,0.99815690231607179,6,0,0,0,1
s01-partial-slab-rigid	s01	partial-slab	rigid	benchmarks/flashalign/fixtures/linear-accuracy-audit-v1/s01-partial-slab-rigid-moving.nii.gz	benchmarks/flashalign/fixtures/linear-accuracy-audit-v1/s01-fixed.nii.gz	0.99821547118679366,-0.052854092296286272,-0.027790610120381917,2.5,0.052314256090874464,0.99843423430310785,-0.019806523703696441,-2,0.028793952368263473,0.018317333296698431,0.99941752216374102,1.5,0,0,0,1
s01-partial-slab-affine	s01	partial-slab	affine	benchmarks/flashalign/fixtures/linear-accuracy-audit-v1/s01-partial-slab-affine-moving.nii.gz	benchmarks/flashalign/fixtures/linear-accuracy-audit-v1/s01-fixed.nii.gz	1.006329239495112,-0.046383658382609973,-0.031216270656146024,2.5,0.048679613631277943,0.99183830629434611,-0.015090134442675701,-2,0.03194928722051401,0.014364205589176157,1.0054192321061022,1.5,0,0,0,1
s01-dropout-or-low-signal-rigid	s01	dropout-or-low-signal	rigid	benchmarks/flashalign/fixtures/linear-accuracy-audit-v1/s01-dropout-or-low-signal-rigid-moving.nii.gz	benchmarks/flashalign/fixtures/linear-accuracy-audit-v1/s01-fixed.nii.gz	0.99885769191594576,-0.042208575057139812,-0.022399720801731641,-2,0.041864541146838817,0.99900131511053758,-0.015611937803524474,2.5,0.023036308187606231,0.014656350127581959,0.99962719045953508,-1,0,0,0,1
s01-dropout-or-low-signal-affine	s01	dropout-or-low-signal	affine	benchmarks/flashalign/fixtures/linear-accuracy-audit-v1/s01-dropout-or-low-signal-affine-moving.nii.gz	benchmarks/flashalign/fixtures/linear-accuracy-audit-v1/s01-fixed.nii.gz	1.0069501885890966,-0.035830369997037231,-0.025741735077575569,-2,0.038156616402160809,0.99232194090285897,-0.010836196478233449,2.5,0.026160854823975357,0.010693464763976382,1.0056291264283674,-1,0,0,0,1
s02-ordinary-same-subject-rigid	s02	ordinary-same-subject	rigid	benchmarks/flashalign/fixtures/linear-accuracy-audit-v1/s02-ordinary-same-subject-rigid-moving.nii.gz	benchmarks/flashalign/fixtures/linear-accuracy-audit-v1/s02-fixed.nii.gz	0.99932116890065092,0.032080347517103695,-0.018112224883177055,-1.3999999999999999,-0.032277890580270606,0.99942142475231843,-0.010721638201964534,-0.90000000000000013,0.017757791718707533,0.011298984433461515,0.99977847235477491,0.80000000000000004,0,0,0,1
s02-ordinary-same-subject-affine	s02	ordinary-same-subject	affine	benchmarks/flashalign/fixtures/linear-accuracy-audit-v1/s02-ordinary-same-subject-affine-moving.nii.gz	benchmarks/flashalign/fixtures/linear-accuracy-audit-v1/s02-fixed.nii.gz	0.99114394148472773,0.038373285862660034,-0.02105846000159255,-1.3999999999999999,-0.036049518069243607,1.0062665939349107,-0.0056920272356739184,-0.90000000000000013,0.020569868864288351,0.0074855101853888908,1.0057803647359147,0.80000000000000004,0,0,0,1
s02-large-initialization-error-rigid	s02	large-initialization-error	rigid	benchmarks/flashalign/fixtures/linear-accuracy-audit-v1/s02-large-initialization-error-rigid-moving.nii.gz	benchmarks/flashalign/fixtures/linear-accuracy-audit-v1/s02-fixed.nii.gz	0.96829414894572785,0.20999054588104693,-0.13531597007762428,-9,-0.2182145108688168,0.97467236928931722,-0.048950993761434081,-6,0.12160949125685712,0.076926869067503678,0.98959253657842416,5,0,0,0,1
s02-large-initialization-error-affine	s02	large-initialization-error	affine	benchmarks/flashalign/fixtures/linear-accuracy-audit-v1/s02-large-initialization-error-affine-moving.nii.gz	benchmarks/flashalign/fixtures/linear-accuracy-audit-v1/s02-fixed.nii.gz	0.95930188566040497,0.21781150847619909,-0.13798279561552199,-9,-0.22051433724030783,0.98038159278417525,-0.043716694344949653,-6,0.12329768546026751,0.074236643952203654,0.99554989766946167,5,0,0,0,1
s02-partial-slab-rigid	s02	partial-slab	rigid	benchmarks/flashalign/fixtures/linear-accuracy-audit-v1/s02-partial-slab-rigid-moving.nii.gz	benchmarks/flashalign/fixtures/linear-accuracy-audit-v1/s02-fixed.nii.gz	0.99770820427215601,0.058617079360167419,-0.03379907003622741,-2.5,-0.059274789311336819,0.99806472263769541,-0.01879650973550533,-2,0.032631862958259067,0.020756864730111613,0.99925187719936226,1.5,0,0,0,1
s02-partial-slab-affine	s02	partial-slab	affine	benchmarks/flashalign/fixtures/linear-accuracy-audit-v1/s02-partial-slab-affine-moving.nii.gz	benchmarks/flashalign/fixtures/linear-accuracy-audit-v1/s02-fixed.nii.gz	0.98939067311042939,0.065148844421466429,-0.036701903672460408,-2.5,-0.06284923941660342,1.0047707129992332,-0.013741140812795875,-2,0.035285536227270632,0.017100946452174498,1.0052532771973341,1.5,0,0,0,1
s02-dropout-or-low-signal-rigid	s02	dropout-or-low-signal	rigid	benchmarks/flashalign/fixtures/linear-accuracy-audit-v1/s02-dropout-or-low-signal-rigid-moving.nii.gz	benchmarks/flashalign/fixtures/linear-accuracy-audit-v1/s02-fixed.nii.gz	0.99855439163112125,0.046673108122811641,-0.026659856195368418,2,-0.047090629717374481,0.99877414731871084,-0.015253695965349342,2.5,0.025915237738105296,0.016487074511220046,0.99952817710509745,-1,0,0,0,1
s02-dropout-or-low-signal-affine	s02	dropout-or-low-signal	affine	benchmarks/flashalign/fixtures/linear-accuracy-audit-v1/s02-dropout-or-low-signal-affine-moving.nii.gz	benchmarks/flashalign/fixtures/linear-accuracy-audit-v1/s02-fixed.nii.gz	0.99029928449699489,0.053097785654239518,-0.029582112966819937,2,-0.050754762356806378,1.0055440373554987,-0.01021007551539576,2.5,0.028640552069470866,0.012759862750806827,1.0055300358270698,-1,0,0,0,1
s03-ordinary-same-subject-rigid	s03	ordinary-same-subject	rigid	benchmarks/flashalign/fixtures/linear-accuracy-audit-v1/s03-ordinary-same-subject-rigid-moving.nii.gz	benchmarks/flashalign/fixtures/linear-accuracy-audit-v1/s03-fixed.nii.gz	0.99904009387613213,-0.038667915813844302,-0.020583564185591138,1.3999999999999999,0.038379249109186032,0.99916178671107136,-0.01423928418686898,-0.70000000000000007,0.02111691421074452,0.013435634073344789,0.99968673076682535,0.80000000000000004,0,0,0,1
s03-ordinary-same-subject-affine	s03	ordinary-same-subject	affine	benchmarks/flashalign/fixtures/linear-accuracy-audit-v1/s03-ordinary-same-subject-affine-moving.nii.gz	benchmarks/flashalign/fixtures/linear-accuracy-audit-v1/s03-fixed.nii.gz	1.0071253355978398,-0.03232066558314823,-0.023897525431402302,1.3999999999999999,0.034646918102654627,0.99245488683549643,-0.0094440487057623947,-0.70000000000000007,0.024231167180437573,0.0094695391970285401,1.0056886785791608,0.80000000000000004,0,0,0,1
s03-large-initialization-error-rigid	s03	large-initialization-error	rigid	benchmarks/flashalign/fixtures/linear-accuracy-audit-v1/s03-large-initialization-error-rigid-moving.nii.gz	benchmarks/flashalign/fixtures/linear-accuracy-audit-v1/s03-fixed.nii.gz	0.95934425867723316,-0.25945309461744648,-0.11109763740269281,9,0.24631774019764138,0.96182783854371212,-0.11922575169089136,-5,0.13779029068463811,0.0870132213848058,0.9866319146962973,4,0,0,0,1
s03-large-initialization-error-affine	s03	large-initialization-error	affine	benchmarks/flashalign/fixtures/linear-accuracy-audit-v1/s03-large-initialization-error-affine-moving.nii.gz	benchmarks/flashalign/fixtures/linear-accuracy-audit-v1/s03-fixed.nii.gz	0.96772353221291274,-0.25143646685345017,-0.11593952147622789,9,0.24408329350997499,0.95704985312185564,-0.11587092022891107,-5,0.14150445586866489,0.083284342920434795,0.99257340141934525,4,0,0,0,1
s03-partial-slab-rigid	s03	partial-slab	rigid	benchmarks/flashalign/fixtures/linear-accuracy-audit-v1/s03-partial-slab-rigid-moving.nii.gz	benchmarks/flashalign/fixtures/linear-accuracy-audit-v1/s03-fixed.nii.gz	0.99713770490395515,-0.067100665996484385,-0.034841040192582051,2.5,0.06622981328440683,0.99747655419792358,-0.025576075886444012,-2,0.036469292441525136,0.023195354023268951,0.99906554652862978,1.5,0,0,0,1
s03-partial-slab-affine	s03	partial-slab	affine	benchmarks/flashalign/fixtures/linear-accuracy-audit-v1/s03-partial-slab-affine-moving.nii.gz	benchmarks/flashalign/fixtures/linear-accuracy-audit-v1/s03-fixed.nii.gz	1.005278686086595,-0.060508770944314935,-0.038377002878431835,2.5,0.062693017346231047,0.99099390150179034,-0.02094083901062628,-2,0.03966546200455015,0.019255540113640699,1.0050665087005932,1.5,0,0,0,1
s03-dropout-or-low-signal-rigid	s03	dropout-or-low-signal	rigid	benchmarks/flashalign/fixtures/linear-accuracy-audit-v1/s03-dropout-or-low-signal-rigid-moving.nii.gz	benchmarks/flashalign/fixtures/linear-accuracy-audit-v1/s03-fixed.nii.gz	0.99821547118679366,-0.052854092296286272,-0.027790610120381917,-2,0.052314256090874464,0.99843423430310785,-0.019806523703696441,2.5,0.028793952368263473,0.018317333296698431,0.99941752216374102,-1,0,0,0,1
s03-dropout-or-low-signal-affine	s03	dropout-or-low-signal	affine	benchmarks/flashalign/fixtures/linear-accuracy-audit-v1/s03-dropout-or-low-signal-affine-moving.nii.gz	benchmarks/flashalign/fixtures/linear-accuracy-audit-v1/s03-fixed.nii.gz	1.006329239495112,-0.046383658382609973,-0.031216270656146024,-2,0.048679613631277943,0.99183830629434611,-0.015090134442675701,2.5,0.03194928722051401,0.014364205589176157,1.0054192321061022,-1,0,0,0,1
s04-ordinary-same-subject-rigid	s04	ordinary-same-subject	rigid	benchmarks/flashalign/fixtures/linear-accuracy-audit-v1/s04-ordinary-same-subject-rigid-moving.nii.gz	benchmarks/flashalign/fixtures/linear-accuracy-audit-v1/s04-fixed.nii.gz	0.99871049550417934,0.04410493888544513,-0.025141609648304857,-1.3999999999999999,-0.044477876136636126,0.99890553829150841,-0.014472183834031961,-0.5,0.024475798335716035,0.015571767287726595,0.9995791391177421,0.80000000000000004,0,0,0,1
s04-ordinary-same-subject-affine	s04	ordinary-same-subject	affine	benchmarks/flashalign/fixtures/linear-accuracy-audit-v1/s04-ordinary-same-subject-affine-moving.nii.gz	benchmarks/flashalign/fixtures/linear-accuracy-audit-v1/s04-fixed.nii.gz	0.99046896695565922,0.050506502869261539,-0.028068066098280001,-1.3999999999999999,-0.048161091832211164,1.0056888985380652,-0.0094310556171687022,-0.5,0.027216442297232628,0.011829307892284008,1.00558104539388,0.80000000000000004,0,0,0,1
s04-large-initialization-error-rigid	s04	large-initialization-error	rigid	benchmarks/flashalign/fixtures/linear-accuracy-audit-v1/s04-large-initialization-error-rigid-moving.nii.gz	benchmarks/flashalign/fixtures/linear-accuracy-audit-v1/s04-fixed.nii.gz	0.94932769496053582,0.26145243375259725,-0.17441201926977273,-9,-0.27400935944447458,0.96032788521973456,-0.051857726581685505,-4,0.15393439679858603,0.097020501721213001,0.98330627157972483,3,0,0,0,1
s04-large-initialization-error-affine	s04	large-initialization-error	affine	benchmarks/flashalign/fixtures/linear-accuracy-audit-v1/s04-large-initialization-error-affine-moving.nii.gz	benchmarks/flashalign/fixtures/linear-accuracy-audit-v1/s04-fixed.nii.gz	0.94016402760803186,0.26967621503570771,-0.17699921230151,-9,-0.27581416928954278,0.9656135551659325,-0.046545205436743523,-4,0.15526475843205167,0.094690026527734103,0.98922940852741348,3,0,0,0,1
s04-partial-slab-rigid	s04	partial-slab	rigid	benchmarks/flashalign/fixtures/linear-accuracy-audit-v1/s04-partial-slab-rigid-moving.nii.gz	benchmarks/flashalign/fixtures/linear-accuracy-audit-v1/s04-fixed.nii.gz	0.99650403512259111,0.072182875107573763,-0.042063529637893671,-2.5,-0.07317868197992998,0.99706198319026795,-0.022633651503236641,-2,0.040306184241054401,0.025632678710858597,0.9988585371783294,1.5,0,0,0,1
s04-partial-slab-affine	s04	partial-slab	affine	benchmarks/flashalign/fixtures/linear-accuracy-audit-v1/s04-partial-slab-affine-moving.nii.gz	benchmarks/flashalign/fixtures/linear-accuracy-audit-v1/s04-fixed.nii.gz	0.98811708075226634,0.078835433562613882,-0.044944508545550932,-2.5,-0.076649401411361326,1.003692879586733,-0.017564607450364932,-2,0.04287777966381752,0.022058510418567611,1.0048589332422304,1.5,0,0,0,1
s04-dropout-or-low-signal-rigid	s04	dropout-or-low-signal	rigid	benchmarks/flashalign/fixtures/linear-accuracy-audit-v1/s04-dropout-or-low-signal-rigid-moving.nii.gz	benchmarks/flashalign/fixtures/linear-accuracy-audit-v1/s04-fixed.nii.gz	0.99784095131577599,0.056914962840224272,-0.032773813969735999,2,-0.057535147248177952,0.99817572720558412,-0.018300941198035468,2.5,0.031672428204314436,0.020147074787654942,0.99929522798277348,-1,0,0,0,1
s04-dropout-or-low-signal-affine	s04	dropout-or-low-signal	affine	benchmarks/flashalign/fixtures/linear-accuracy-audit-v1/s04-dropout-or-low-signal-affine-moving.nii.gz	benchmarks/flashalign/fixtures/linear-accuracy-audit-v1/s04-fixed.nii.gz	0.98953224241197968,0.063431508543879439,-0.035679404893300626,2,-0.06112247180260897,1.004890950177326,-0.013247262767451227,2.5,0.034336346163477617,0.016480957968463317,1.0052967174399956,-1,0,0,0,1
