# node	kind	artifact
node	external	gale-core
node	external	ravel-core
node	external	spatial4s-core
node	external	image4s-geometry
node	external	image4s-core
node	external	image4s-nifti
node	external	image4s-reference
node	external	image4s-laws
node	internal	reframe4s-core
node	internal	reframe4s-lie
node	internal	reframe4s-resample
node	internal	reframe4s-laws
node	external	locus4s-core
node	external	locus4s-data
node	external	locus4s-laws
node	external	image4s-locus
node	internal	reframe4s-field
node	internal	reframe4s-flow
node	internal	reframe4s-graph
node	internal	reframe4s-register
node	internal	reframe4s-multiscale
node	internal	reframe4s-motion
node	internal-experimental	reframe4s-halfflow
node	internal-experimental	reframe4s-spectral
node	internal-experimental	reframe4s-flashalign
node	internal-bundle	reframe4s
node	downstream	scalafim-image
node	downstream	scalafim-motion
node	downstream	scalafim-locus
# edge	consumer	dependency
edge	image4s-geometry	spatial4s-core
edge	image4s-geometry	gale-core
edge	image4s-core	image4s-geometry
edge	image4s-core	ravel-core
edge	image4s-nifti	image4s-core
edge	image4s-nifti	image4s-geometry
edge	image4s-nifti	ravel-core
edge	image4s-reference	image4s-core
edge	image4s-reference	ravel-core
edge	image4s-laws	image4s-core
edge	image4s-laws	image4s-reference
edge	reframe4s-core	image4s-geometry
edge	reframe4s-core	gale-core
edge	reframe4s-lie	reframe4s-core
edge	reframe4s-lie	image4s-geometry
edge	reframe4s-lie	gale-core
edge	reframe4s-resample	reframe4s-core
edge	reframe4s-resample	image4s-core
edge	reframe4s-resample	ravel-core
edge	reframe4s-laws	reframe4s-core
edge	reframe4s-laws	reframe4s-lie
edge	reframe4s-laws	image4s-reference
edge	reframe4s-laws	reframe4s-resample
edge	locus4s-data	locus4s-core
edge	locus4s-laws	locus4s-core
edge	locus4s-laws	locus4s-data
edge	image4s-locus	image4s-core
edge	image4s-locus	image4s-geometry
edge	image4s-locus	locus4s-core
edge	reframe4s-field	reframe4s-core
edge	reframe4s-field	image4s-core
edge	reframe4s-field	reframe4s-resample
edge	reframe4s-field	gale-core
edge	reframe4s-field	ravel-core
edge	reframe4s-flow	reframe4s-core
edge	reframe4s-flow	reframe4s-field
edge	reframe4s-flow	reframe4s-lie
edge	reframe4s-flow	image4s-core
edge	reframe4s-flow	ravel-core
edge	reframe4s-graph	reframe4s-core
edge	reframe4s-graph	image4s-geometry
edge	reframe4s-register	reframe4s-core
edge	reframe4s-register	image4s-geometry
edge	reframe4s-register	reframe4s-resample
edge	reframe4s-register	reframe4s-flow
edge	reframe4s-register	reframe4s-multiscale
edge	reframe4s-register	image4s-core
edge	reframe4s-multiscale	image4s-geometry
edge	reframe4s-multiscale	image4s-core
edge	reframe4s-multiscale	reframe4s-resample
edge	reframe4s-multiscale	reframe4s-field
edge	reframe4s-motion	image4s-geometry
edge	reframe4s-motion	image4s-core
edge	reframe4s-motion	reframe4s-resample
edge	reframe4s-motion	reframe4s-register
edge	reframe4s-motion	reframe4s-multiscale
edge	reframe4s-motion	reframe4s-lie
edge	reframe4s-motion	ravel-core
edge	reframe4s-halfflow	reframe4s-core
edge	reframe4s-halfflow	image4s-geometry
edge	reframe4s-halfflow	image4s-core
edge	reframe4s-halfflow	ravel-core
edge	reframe4s-halfflow	gale-core
edge	reframe4s-halfflow	reframe4s-register
edge	reframe4s-halfflow	reframe4s-flow
edge	reframe4s-flashalign	reframe4s-core
edge	reframe4s-flashalign	reframe4s-lie
edge	reframe4s-flashalign	reframe4s-register
edge	reframe4s-flashalign	reframe4s-resample
edge	reframe4s-flashalign	reframe4s-multiscale
edge	reframe4s-flashalign	reframe4s-spectral
edge	reframe4s-flashalign	image4s-geometry
edge	reframe4s-flashalign	image4s-core
edge	reframe4s-flashalign	ravel-core
edge	reframe4s-flashalign	gale-core
edge	reframe4s	image4s-geometry
edge	reframe4s	image4s-core
edge	reframe4s	reframe4s-core
edge	reframe4s	reframe4s-lie
edge	reframe4s	reframe4s-resample
edge	reframe4s	reframe4s-field
edge	reframe4s	reframe4s-flow
edge	reframe4s	reframe4s-graph
edge	reframe4s	reframe4s-register
edge	reframe4s	reframe4s-multiscale
edge	reframe4s	reframe4s-motion
edge	scalafim-image	image4s-core
edge	scalafim-image	image4s-nifti
edge	scalafim-image	reframe4s-lie
edge	scalafim-image	reframe4s-resample
edge	scalafim-image	image4s-locus
edge	scalafim-motion	reframe4s-motion
edge	scalafim-motion	scalafim-image
edge	scalafim-locus	locus4s-core
edge	scalafim-locus	locus4s-data
edge	scalafim-locus	image4s-locus
